California,Outdoor Activities, Hiking, Beaches, Surfing, Foodie Culture, Wine Tasting, Tech Events, Art Galleries, Live Music, Festivals, Sports, Yoga, Cycling, Camping, Road Trips, Photography, Gardening, Cooking, Reading, Volunteering
Texas,Outdoor Activities, Hiking, Fishing, Hunting, Camping, Sports, Live Music, Foodie Culture, Festivals, BBQ, Rodeos, Country Music, Road Trips, Photography, Gardening, Cooking, Reading, Volunteering, Stargazing, Boating
New York,Art Galleries, Museums, Live Music, Theater, Foodie Culture, Festivals, Sports, Outdoor Activities, Hiking, Cycling, Road Trips, Photography, Gardening, Cooking, Reading, Volunteering, Urban Exploration, Parks, Shopping
Florida,Beaches, Water Sports, Fishing, Boating, Theme Parks, Outdoor Activities, Hiking, Golf, Foodie Culture, Festivals, Sports, Road Trips, Photography, Gardening, Cooking, Reading, Volunteering, Wildlife Viewing, Camping
Illinois,Museums, Art Galleries, Live Music, Theater, Foodie Culture, Sports, Festivals, Outdoor Activities, Hiking, Cycling, Road Trips, Photography, Gardening, Cooking, Reading, Volunteering, Architecture Tours, Comedy Clubs, Parks
Pennsylvania,Historical Sites, Museums, Art Galleries, Live Music, Theater, Foodie Culture, Festivals, Sports, Outdoor Activities, Hiking, Cycling, Road Trips, Photography, Gardening, Cooking, Reading, Volunteering, Craft Beer, Fall Festivals
Ohio,Sports, Live Music, Festivals, Amusement Parks, Outdoor Activities, Hiking, Cycling, Road Trips, Photography, Gardening, Cooking, Reading, Volunteering, Craft Breweries, Museums, Art Galleries, Theater, Foodie Culture, Camping
Georgia,Southern Food, Live Music, Festivals, Sports, Outdoor Activities, Hiking, Fishing, Boating, Road Trips, Photography, Gardening, Cooking, Reading, Volunteering, Historical Sites, Crafts, Art Galleries, Museums, Camping
North Carolina,Outdoor Activities, Hiking, Fishing, Beaches, Live Music, Festivals, Sports, Road Trips, Photography, Gardening, Cooking, Reading, Volunteering, Craft Breweries, Barbecue, Crafts, Art Galleries, Museums, Boating
Michigan,Outdoor Activities, Hiking, Fishing, Boating, Winter Sports, Live Music, Festivals, Sports, Road Trips, Photography, Gardening, Cooking, Reading, Volunteering, Automotive Events, Museums, Art Galleries, Foodie Scene, Camping
Alabama,Outdoor Activities, Hiking, Fishing, Hunting, Boating, Sports, Live Music, Festivals, Southern Cuisine, Road Trips, Photography, Gardening, Cooking, Reading, Volunteering, Historical Sites, Crafts, Camping, College Football
Alaska,Outdoor Activities, Hiking, Fishing, Wildlife Viewing, Camping, Winter Sports, Photography, Road Trips, Boating, Gardening, Cooking, Reading, Volunteering, Northern Lights Viewing, Dog Sledding, Crafts, Festivals, Hunting
Arizona,Outdoor Activities, Hiking, Golf, Camping, Photography, Stargazing, Road Trips, Art Festivals, Foodie Culture, Live Music, Festivals, Gardening, Cooking, Reading, Volunteering, Native American Culture, Hot Air Ballooning, Cycling, Museums
Arkansas,Outdoor Activities, Hiking, Fishing, Camping, Mountain Biking, Live Music, Festivals, Road Trips, Photography, Gardening, Cooking, Reading, Volunteering, Hunting, Crafts, History, Boating, Water Sports, Sports
Colorado,Outdoor Activities, Hiking, Skiing, Camping, Mountain Biking, Rock Climbing, Whitewater Rafting, Photography, Stargazing, Road Trips, Foodie Culture, Live Music, Festivals, Gardening, Cooking, Reading, Volunteering, Craft Breweries, Sports, Fishing
Connecticut,Outdoor Activities, Hiking, Fishing, Boating, Fall Foliage, Historical Sites, Art Museums, Theater, Foodie Culture, Festivals, Road Trips, Photography, Gardening, Cooking, Reading, Volunteering, Maritime Activities, Antiques, Cycling, Camping
Delaware,Beaches, Outdoor Activities, Hiking, Fishing, Boating, Historical Sites, Festivals, Road Trips, Photography, Gardening, Cooking, Reading, Volunteering, Water Sports, Bird Watching, Foodie Scene, Tax-Free Shopping, Gardens, Cycling, Camping.
District of Columbia,Historical Monuments, Museums, Art Galleries, Political Events, International Cuisine, Theater, Live Music, Parks, Festivals, Foodie Scene, Outdoor Activities, Hiking, Cycling, Road Trips, Photography, Gardening, Cooking, Reading, Volunteering.
Hawaii,Beaches, Outdoor Activities, Hiking, Surfing, Snorkeling, Diving, Island Hopping, Luaus, Foodie Culture, Festivals, Road Trips, Photography, Gardening, Cooking, Reading, Volunteering, Volcano Exploration, Boating, Fishing, Camping.
Idaho,Outdoor Activities, Hiking, Fishing, Skiing, White Water Rafting, Mountain Biking, Hot Springs, Wildlife Viewing, Photography, Stargazing, Road Trips, Festivals, Gardening, Cooking, Reading, Volunteering, Camping, Boating, Hunting, Cycling.
Indiana,Sports, Racing, Festivals, Local Breweries, Outdoor Activities, Hiking, Fishing, Road Trips, Photography, Gardening, Cooking, Reading, Volunteering, Historical Sites, Live Music, Crafts, Foodie Scene, Theater, Camping.
Iowa,Outdoor Activities, Hiking, Biking, Fishing, State Fairs, Festivals, Foodie Scene, Art Festivals, Live Music, Road Trips, Photography, Gardening, Cooking, Reading, Volunteering, Local Breweries, Camping, Hunting, Sports, Boating.
Kansas,Outdoor Activities, Hiking, Fishing, Festivals, Barbecue, History, Road Trips, Photography, Gardening, Cooking, Reading, Volunteering, Local Breweries, Live Music, Crafts, Stargazing, Camping, Hunting, Sports, Boating.
Kentucky,Outdoor Activities, Hiking, Fishing, Bourbon Distilleries, Horse Racing, Bluegrass Music, Festivals, Road Trips, Photography, Gardening, Cooking, Reading, Volunteering, Historical Sites, Crafts, Foodie Scene, Camping, Boating, Sports, Hunting.
Louisiana,Live Music, Festivals, Foodie Scene, Fishing, Boating, Historical Sites, Art Galleries, Swamp Tours, Outdoor Activities, Hiking, Road Trips, Photography, Gardening, Cooking, Reading, Volunteering, Cajun Cuisine, Jazz Music, Mardi Gras, Camping.
Maine,Outdoor Activities, Hiking, Fishing, Boating, Fall Foliage, Lighthouses, Lobster Festivals, Craft Breweries, Road Trips, Photography, Gardening, Cooking, Reading, Volunteering, Winter Sports, Festivals, Historical Sites, Foodie Scene, Camping, Beaches.
Maryland,Seafood Festivals, Historical Sites, Water Activities, Outdoor Activities, Hiking, Fishing, Boating, Art Galleries, Live Music, Foodie Scene, Festivals, Road Trips, Photography, Gardening, Cooking, Reading, Volunteering, Bird Watching, Cycling, Camping.
Massachusetts,Historical Sites, Seafood, Fall Foliage, Art Museums, Theater, Sports, Outdoor Activities, Hiking, Fishing, Festivals, Foodie Scene, Road Trips, Photography, Gardening, Cooking, Reading, Volunteering, Boating, Cycling, Camping.
Minnesota,Outdoor Activities, Hiking, Fishing, Boating, Winter Sports, Music Festivals, Art Festivals, Craft Breweries, Foodie Scene, Road Trips, Photography, Gardening, Cooking, Reading, Volunteering, Camping, Cycling, Theater, Sports.
Mississippi,Live Music, Festivals, Southern Cuisine, Historical Sites, Fishing, Boating, Outdoor Activities, Hiking, Road Trips, Photography, Gardening, Cooking, Reading, Volunteering, Crafts, Art Galleries, Foodie Scene, Camping, Hunting, Sports.
Missouri,Barbecue, Live Music, Festivals, Outdoor Activities, Hiking, Fishing, Craft Breweries, Historical Sites, Road Trips, Photography, Gardening, Cooking, Reading, Volunteering, Sports, Foodie Scene, Camping, Boating, Museums, Art Galleries.
Montana,Outdoor Activities, Hiking, Fishing, Wildlife Viewing, Skiing, Snowmobiling, Stargazing, Photography, Road Trips, Craft Breweries, Festivals, Gardening, Cooking, Reading, Volunteering, Camping, Boating, Hunting, Cycling, Museums.
Nebraska,Sports, College Football, State Fairs, Outdoor Activities, Hiking, Fishing, Local Breweries, Road Trips, Photography, Gardening, Cooking, Reading, Volunteering, Festivals, Foodie Scene, Crafts, Stargazing, Camping, Hunting, Boating.
Nevada,Casinos, Outdoor Activities, Hiking, Stargazing, Festivals, Foodie Scene, Live Music, Art Galleries, Photography, Road Trips, Gardening, Cooking, Reading, Volunteering, Hot Springs, Boating, Fishing, Camping, Cycling, Museums.
New Hampshire,Outdoor Activities, Hiking, Fishing, Boating, Fall Foliage, Skiing, Snowmobiling, Craft Breweries, Festivals, Historical Sites, Road Trips, Photography, Gardening, Cooking, Reading, Volunteering, Foodie Scene, Camping, Wildlife Viewing, Cycling.
New Jersey,Beaches, Boardwalks, Historical Sites, Foodie Scene, Live Music, Art Galleries, Festivals, Outdoor Activities, Hiking, Fishing, Road Trips, Photography, Gardening, Cooking, Reading, Volunteering, Boating, Cycling, Camping, Sports.
New Mexico,Art Galleries, Outdoor Activities, Hiking, Hot Air Ballooning, Festivals, Southwest Cuisine, Stargazing, Photography, Road Trips, Native American Culture, Gardening, Cooking, Reading, Volunteering, Skiing, Museums, Foodie Scene, Cycling, Camping.
North Dakota,Outdoor Activities, Hiking, Fishing, Hunting, Festivals, Craft Breweries, Stargazing, Photography, Road Trips, Historical Sites, Foodie Scene, Gardening, Cooking, Reading, Volunteering, Camping, Boating, Wildlife Viewing, Cycling.
Oklahoma,Outdoor Activities, Hiking, Fishing, Festivals, Barbecue, Country Music, Rodeos, Road Trips, Photography, Gardening, Cooking, Reading, Volunteering, Native American Culture, Historical Sites, Live Music, Crafts, Stargazing, Camping, Boating, Sports
Oregon,Outdoor Activities, Hiking, Water Activities, Craft Breweries, Foodie Scene, Live Music, Festivals, Road Trips, Photography, Gardening, Cooking, Reading, Volunteering, Skiing, Stargazing, Fishing, Camping, Cycling, Art Galleries, Museums.
Rhode Island,Beaches, Historical Sites, Seafood, Water Activities, Art Galleries, Festivals, Foodie Scene, Live Music, Outdoor Activities, Hiking, Fishing, Boating, Road Trips, Photography, Gardening, Cooking, Reading, Volunteering, Cycling, Camping, Sports
South Carolina,Beaches, Golf, Historical Sites, Southern Cuisine, Festivals, Fishing, Boating, Crafts, Outdoor Activities, Hiking, Road Trips, Photography, Gardening, Cooking, Reading, Volunteering, Live Music, Camping, Sports, Foodie Scene.
South Dakota,Outdoor Activities, Hiking, Mount Rushmore, Festivals, Stargazing, Photography, Fishing, Hunting, Crafts, Historical Sites, Road Trips, Gardening, Cooking, Reading, Volunteering, Camping, Boating, Wildlife Viewing, Cycling, Museums.
Tennessee,Country Music, Barbecue, Hiking, Festivals, Historical Sites, Outdoor Activities, Fishing, Boating, Craft Breweries, Live Music, Road Trips, Photography, Gardening, Cooking, Reading, Volunteering, Sports, Foodie Scene, Camping
Utah,Outdoor Activities, Hiking, Skiing, National Parks, Stargazing, Photography, Mountain Biking, Rock Climbing, Craft Breweries, Festivals, Road Trips, Gardening, Cooking, Reading, Volunteering, Camping, Boating, Fishing, Cycling, Museums.
Vermont,Fall Foliage, Skiing, Hiking, Craft Breweries, Festivals, Maple Syrup, Historical Sites, Outdoor Activities, Fishing, Boating, Road Trips, Photography, Gardening, Cooking, Reading, Volunteering, Camping, Cycling, Foodie Scene.
Virginia,Historical Sites, Beaches, Hiking, Festivals, Foodie Scene, Outdoor Activities, Fishing, Boating, Craft Breweries, Live Music, Road Trips, Photography, Gardening, Cooking, Reading, Volunteering, Museums, Wineries, Camping.
Washington,Outdoor Activities, Hiking, Water Activities, Coffee Culture, Craft Breweries, Foodie Scene, Live Music, Festivals, Road Trips, Photography, Gardening, Cooking, Reading, Volunteering, Skiing, Stargazing, Fishing, Camping, Cycling, Art Galleries.
West Virginia,Outdoor Activities, Hiking, Whitewater Rafting, Festivals, Crafts, Historical Sites, Music Festivals, Fishing, Hunting, Skiing, Road Trips, Photography, Gardening, Cooking, Reading, Volunteering, Camping, Boating, Foodie Scene, Museums, Art Galleries.
Wisconsin,Cheese, Beer, Festivals, Outdoor Activities, Hiking, Fishing, Water Activities, Live Music, Road Trips, Photography, Gardening, Cooking, Reading, Volunteering, Crafts, Sports, Museums, Art Galleries, Camping.
Wyoming,Outdoor Activities, Hiking, Yellowstone National Park, Skiing, Fishing, Hunting, Rodeos, Stargazing, Photography, Road Trips, Gardening, Cooking, Reading, Volunteering, Camping, Boating, Wildlife Viewing, Cycling, Museums, Crafts.